GSTIN,Taxpayer Type
18AACCT6259K1C5,Normal
13AACCT6259K1CF,Composite
18AACCT6259K1C5,Normal
18AACCT6259K1C5,Normal
13AACCT6259K1CF,Composite
18AACCT6259K1C5,Normal
18AACCT6259K1C5,Normal
18AACCT6259K1C5,Normal
18AACCT6259K1C5,Normal
13AACCT6259K1CF,Composite
18AACCT6259K1C5,Normal
18AACCT6259K1C5,Normal
18AACCT6259K1C5,Normal
18AACCT6259K1C5,Normal
13AACCT6259K1CF,Composite
18AACCT6259K1C5,Normal
18AACCT6259K1C5,Normal
13AACCT6259K1CF,Composite
13AACCT6259K1CF,Composite
13AACCT6259K1CF,Composite
13AACCT6259K1CF,Composite
13AACCT6259K1CF,Composite
13AACCT6259K1CF,Composite
13AACCT6259K1CF,Composite
13AACCT6259K1CF,Composite
13AACCT6259K1CF,Composite
24AACCT6259K1CC,Casual
24AACCT6259K1CC,Casual
24AACCT6259K1CC,Casual
24AACCT6259K1CC,Casual
24AACCT6259K1CC,Casual
24AACCT6259K1CC,Casual
24AACCT6259K1CC,Casual
24AACCT6259K1CC,Casual
24AACCT6259K1CC,Casual
24AACCT6259K1CC,Casual
24AACCT6259K1CC,Casual
16AACCT6259K1C9,Unknown
24AACCT6259K1CC,Casual
16AACCT6259K1C9,Unknown
16AACCT6259K1C9,Unknown
16AACCT6259K1C9,Unknown
16AACCT6259K1C9,Unknown
16AACCT6259K1C9,Unknown
24AACCT6259K1CC,Casual
16AACCT6259K1C9,Unknown
16AACCT6259K1C9,Unknown
16AACCT6259K1C9,Unknown
16AACCT6259K1C9,Unknown
16AACCT6259K1C9,Unknown
16AACCT6259K1C9,Unknown
16AACCT6259K1C9,Unknown
22AACCT6259K1CG,Unknown
22AACCT6259K1CG,Unknown
22AACCT6259K1CG,Unknown
22AACCT6259K1CG,Unknown
22AACCT6259K1CG,Unknown
22AACCT6259K1CG,Unknown
22AACCT6259K1CG,Unknown
22AACCT6259K1CG,Unknown
22AACCT6259K1CG,Unknown
22AACCT6259K1CG,Unknown
22AACCT6259K1CG,Unknown
22AACCT6259K1CG,Unknown
20AACCT6259K1CK,Unknown
20AACCT6259K1CK,Unknown
22AACCT6259K1CG,Unknown
20AACCT6259K1CK,Unknown
20AACCT6259K1CK,Unknown
20AACCT6259K1CK,Unknown
20AACCT6259K1CK,Unknown
20AACCT6259K1CK,Unknown
20AACCT6259K1CK,Unknown
20AACCT6259K1CK,Unknown
20AACCT6259K1CK,Unknown
20AACCT6259K1CK,Unknown
20AACCT6259K1CK,Unknown
17AACCT6259K1C7,Unknown
17AACCT6259K1C7,Unknown
17AACCT6259K1C7,Unknown
17AACCT6259K1C7,Unknown
17AACCT6259K1C7,Unknown
20AACCT6259K1CK,Unknown
17AACCT6259K1C7,Unknown
17AACCT6259K1C7,Unknown
17AACCT6259K1C7,Unknown
17AACCT6259K1C7,Unknown
17AACCT6259K1C7,Unknown
17AACCT6259K1C7,Unknown
17AACCT6259K1C7,Unknown
17AACCT6259K1C7,Unknown
37AACCT6259K1C5,Unknown
37AACCT6259K1C5,Unknown
37AACCT6259K1C5,Unknown
37AACCT6259K1C5,Unknown
37AACCT6259K1C5,Unknown
37AACCT6259K1C5,Unknown
37AACCT6259K1C5,Unknown
37AACCT6259K1C5,Unknown
37AACCT6259K1C5,Unknown
37AACCT6259K1C5,Unknown
37AACCT6259K1C5,Unknown
37AACCT6259K1C5,Unknown
37AACCT6259K1C5,Unknown
19AACCT6259K1C3,Unknown
19AACCT6259K1C3,Unknown
19AACCT6259K1C3,Unknown
19AACCT6259K1C3,Unknown
19AACCT6259K1C3,Unknown
19AACCT6259K1C3,Unknown
19AACCT6259K1C3,Unknown
19AACCT6259K1C3,Unknown
19AACCT6259K1C3,Unknown
19AACCT6259K1C3,Unknown
19AACCT6259K1C3,Unknown
19AACCT6259K1C3,Unknown
19AACCT6259K1C3,Unknown
02AACCT6259K1CI,Unknown
02AACCT6259K1CI,Unknown
02AACCT6259K1CI,Unknown
02AACCT6259K1CI,Unknown
02AACCT6259K1CI,Unknown
02AACCT6259K1CI,Unknown
02AACCT6259K1CI,Unknown
02AACCT6259K1CI,Unknown
02AACCT6259K1CI,Unknown
02AACCT6259K1CI,Unknown
02AACCT6259K1CI,Unknown
02AACCT6259K1CI,Unknown
02AACCT6259K1CI,Unknown
11AACCT6259K1CJ,Unknown
11AACCT6259K1CJ,Unknown
11AACCT6259K1CJ,Unknown
11AACCT6259K1CJ,Unknown
11AACCT6259K1CJ,Unknown
11AACCT6259K1CJ,Unknown
11AACCT6259K1CJ,Unknown
11AACCT6259K1CJ,Unknown
11AACCT6259K1CJ,Unknown
11AACCT6259K1CJ,Unknown
11AACCT6259K1CJ,Unknown
11AACCT6259K1CJ,Unknown
11AACCT6259K1CJ,Unknown
29AACCT6259K1C2,Unknown
29AACCT6259K1C2,Unknown
29AACCT6259K1C2,Unknown
29AACCT6259K1C2,Unknown
29AACCT6259K1C2,Unknown
29AACCT6259K1C2,Unknown
29AACCT6259K1C2,Unknown
29AACCT6259K1C2,Unknown
29AACCT6259K1C2,Unknown
29AACCT6259K1C2,Unknown
29AACCT6259K1C2,Unknown
29AACCT6259K1C2,Unknown
34AACCT6259K1CB,Unknown
29AACCT6259K1C2,Unknown
34AACCT6259K1CB,Unknown
34AACCT6259K1CB,Unknown
34AACCT6259K1CB,Unknown
34AACCT6259K1CB,Unknown
34AACCT6259K1CB,Unknown
34AACCT6259K1CB,Unknown
34AACCT6259K1CB,Unknown
34AACCT6259K1CB,Unknown
34AACCT6259K1CB,Unknown
34AACCT6259K1CB,Unknown
34AACCT6259K1CB,Unknown
35AACCT6259K1C9,Unknown
35AACCT6259K1C9,Unknown
35AACCT6259K1C9,Unknown
34AACCT6259K1CB,Unknown
35AACCT6259K1C9,Unknown
35AACCT6259K1C9,Unknown
35AACCT6259K1C9,Unknown
35AACCT6259K1C9,Unknown
35AACCT6259K1C9,Unknown
35AACCT6259K1C9,Unknown
35AACCT6259K1C9,Unknown
35AACCT6259K1C9,Unknown
35AACCT6259K1C9,Unknown
33AACCT6259K1CD,Unknown
33AACCT6259K1CD,Unknown
35AACCT6259K1C9,Unknown
33AACCT6259K1CD,Unknown
33AACCT6259K1CD,Unknown
33AACCT6259K1CD,Unknown
33AACCT6259K1CD,Unknown
33AACCT6259K1CD,Unknown
33AACCT6259K1CD,Unknown
33AACCT6259K1CD,Unknown
33AACCT6259K1CD,Unknown
33AACCT6259K1CD,Unknown
33AACCT6259K1CD,Unknown
33AACCT6259K1CD,Unknown
03AACCT6259K1CG,Unknown
03AACCT6259K1CG,Unknown
03AACCT6259K1CG,Unknown
03AACCT6259K1CG,Unknown
03AACCT6259K1CG,Unknown
03AACCT6259K1CG,Unknown
03AACCT6259K1CG,Unknown
03AACCT6259K1CG,Unknown
03AACCT6259K1CG,Unknown
03AACCT6259K1CG,Unknown
03AACCT6259K1CG,Unknown
03AACCT6259K1CG,Unknown
31AACCT6259K1CH,Unknown
31AACCT6259K1CH,Unknown
31AACCT6259K1CH,Unknown
03AACCT6259K1CG,Unknown
31AACCT6259K1CH,Unknown
31AACCT6259K1CH,Unknown
31AACCT6259K1CH,Unknown
31AACCT6259K1CH,Unknown
31AACCT6259K1CH,Unknown
31AACCT6259K1CH,Unknown
31AACCT6259K1CH,Unknown
31AACCT6259K1CH,Unknown
31AACCT6259K1CH,Unknown
31AACCT6259K1CH,Unknown
38AACCT6259K1C3,Unknown
38AACCT6259K1C3,Unknown
38AACCT6259K1C3,Unknown
38AACCT6259K1C3,Unknown
38AACCT6259K1C3,Unknown
38AACCT6259K1C3,Unknown
38AACCT6259K1C3,Unknown
38AACCT6259K1C3,Unknown
38AACCT6259K1C3,Unknown
38AACCT6259K1C3,Unknown
38AACCT6259K1C3,Unknown
38AACCT6259K1C3,Unknown
38AACCT6259K1C3,Unknown
07AACCT6259K1C8,Unknown
07AACCT6259K1C8,Unknown
07AACCT6259K1C8,Unknown
07AACCT6259K1C8,Unknown
07AACCT6259K1C8,Unknown
07AACCT6259K1C8,Unknown
07AACCT6259K1C8,Unknown
07AACCT6259K1C8,Unknown
07AACCT6259K1C8,Unknown
07AACCT6259K1C8,Unknown
07AACCT6259K1C8,Unknown
07AACCT6259K1C8,Unknown
07AACCT6259K1C8,Unknown
32AACCT6259K1CF,Unknown
32AACCT6259K1CF,Unknown
32AACCT6259K1CF,Unknown
32AACCT6259K1CF,Unknown
32AACCT6259K1CF,Unknown
32AACCT6259K1CF,Unknown
32AACCT6259K1CF,Unknown
32AACCT6259K1CF,Unknown
32AACCT6259K1CF,Unknown
12AACCT6259K1CH,Unknown
32AACCT6259K1CF,Unknown
32AACCT6259K1CF,Unknown
32AACCT6259K1CF,Unknown
32AACCT6259K1CF,Unknown
12AACCT6259K1CH,Unknown
12AACCT6259K1CH,Unknown
12AACCT6259K1CH,Unknown
12AACCT6259K1CH,Unknown
12AACCT6259K1CH,Unknown
12AACCT6259K1CH,Unknown
12AACCT6259K1CH,Unknown
12AACCT6259K1CH,Unknown
12AACCT6259K1CH,Unknown
12AACCT6259K1CH,Unknown
12AACCT6259K1CH,Unknown
12AACCT6259K1CH,Unknown
04AACCT6259K1CE,Unknown
04AACCT6259K1CE,Unknown
04AACCT6259K1CE,Unknown
04AACCT6259K1CE,Unknown
04AACCT6259K1CE,Unknown
04AACCT6259K1CE,Unknown
04AACCT6259K1CE,Unknown
04AACCT6259K1CE,Unknown
04AACCT6259K1CE,Unknown
04AACCT6259K1CE,Unknown
04AACCT6259K1CE,Unknown
04AACCT6259K1CE,Unknown
04AACCT6259K1CE,Unknown
09AACCT6259K1C4,Unknown
09AACCT6259K1C4,Unknown
09AACCT6259K1C4,Unknown
09AACCT6259K1C4,Unknown
09AACCT6259K1C4,Unknown
09AACCT6259K1C4,Unknown
09AACCT6259K1C4,Unknown
09AACCT6259K1C4,Unknown
09AACCT6259K1C4,Unknown
09AACCT6259K1C4,Unknown
01AACCT6259K1CK,Unknown
09AACCT6259K1C4,Unknown
09AACCT6259K1C4,Unknown
01AACCT6259K1CK,Unknown
01AACCT6259K1CK,Unknown
01AACCT6259K1CK,Unknown
01AACCT6259K1CK,Unknown
01AACCT6259K1CK,Unknown
01AACCT6259K1CK,Unknown
01AACCT6259K1CK,Unknown
09AACCT6259K1C4,Unknown
01AACCT6259K1CK,Unknown
01AACCT6259K1CK,Unknown
01AACCT6259K1CK,Unknown
01AACCT6259K1CK,Unknown
23AACCT6259K1CE,Unknown
23AACCT6259K1CE,Unknown
23AACCT6259K1CE,Unknown
23AACCT6259K1CE,Unknown
23AACCT6259K1CE,Unknown
23AACCT6259K1CE,Unknown
23AACCT6259K1CE,Unknown
01AACCT6259K1CK,Unknown
23AACCT6259K1CE,Unknown
23AACCT6259K1CE,Unknown
23AACCT6259K1CE,Unknown
23AACCT6259K1CE,Unknown
23AACCT6259K1CE,Unknown
21AACCT6259K1CI,Unknown
23AACCT6259K1CE,Unknown
21AACCT6259K1CI,Unknown
21AACCT6259K1CI,Unknown
21AACCT6259K1CI,Unknown
21AACCT6259K1CI,Unknown
21AACCT6259K1CI,Unknown
21AACCT6259K1CI,Unknown
21AACCT6259K1CI,Unknown
21AACCT6259K1CI,Unknown
21AACCT6259K1CI,Unknown
21AACCT6259K1CI,Unknown
21AACCT6259K1CI,Unknown
21AACCT6259K1CI,Unknown
05AACCT6259K1CC,Unknown
05AACCT6259K1CC,Unknown
05AACCT6259K1CC,Unknown
05AACCT6259K1CC,Unknown
05AACCT6259K1CC,Unknown
05AACCT6259K1CC,Unknown
05AACCT6259K1CC,Unknown
05AACCT6259K1CC,Unknown
05AACCT6259K1CC,Unknown
05AACCT6259K1CC,Unknown
05AACCT6259K1CC,Unknown
05AACCT6259K1CC,Unknown
05AACCT6259K1CC,Unknown
26AACCT6259K1C8,Unknown
26AACCT6259K1C8,Unknown
26AACCT6259K1C8,Unknown
26AACCT6259K1C8,Unknown
26AACCT6259K1C8,Unknown
26AACCT6259K1C8,Unknown
26AACCT6259K1C8,Unknown
26AACCT6259K1C8,Unknown
26AACCT6259K1C8,Unknown
26AACCT6259K1C8,Unknown
26AACCT6259K1C8,Unknown
26AACCT6259K1C8,Unknown
26AACCT6259K1C8,Unknown
08AACCT6259K1C6,Unknown
08AACCT6259K1C6,Unknown
08AACCT6259K1C6,Unknown
08AACCT6259K1C6,Unknown
08AACCT6259K1C6,Unknown
08AACCT6259K1C6,Unknown
08AACCT6259K1C6,Unknown
08AACCT6259K1C6,Unknown
08AACCT6259K1C6,Unknown
08AACCT6259K1C6,Unknown
08AACCT6259K1C6,Unknown
08AACCT6259K1C6,Unknown
08AACCT6259K1C6,Unknown
30AACCT6259K1CJ,Unknown
30AACCT6259K1CJ,Unknown
30AACCT6259K1CJ,Unknown
30AACCT6259K1CJ,Unknown
30AACCT6259K1CJ,Unknown
30AACCT6259K1CJ,Unknown
30AACCT6259K1CJ,Unknown
30AACCT6259K1CJ,Unknown
30AACCT6259K1CJ,Unknown
30AACCT6259K1CJ,Unknown
30AACCT6259K1CJ,Unknown
30AACCT6259K1CJ,Unknown
30AACCT6259K1CJ,Unknown
36AACCT6259K1C7,Unknown
36AACCT6259K1C7,Unknown
36AACCT6259K1C7,Unknown
36AACCT6259K1C7,Unknown
36AACCT6259K1C7,Unknown
36AACCT6259K1C7,Unknown
36AACCT6259K1C7,Unknown
36AACCT6259K1C7,Unknown
36AACCT6259K1C7,Unknown
36AACCT6259K1C7,Unknown
36AACCT6259K1C7,Unknown
36AACCT6259K1C7,Unknown
36AACCT6259K1C7,Unknown
10AACCT6259K1CL,Unknown
10AACCT6259K1CL,Unknown
10AACCT6259K1CL,Unknown
10AACCT6259K1CL,Unknown
10AACCT6259K1CL,Unknown
10AACCT6259K1CL,Unknown
10AACCT6259K1CL,Unknown
10AACCT6259K1CL,Unknown
10AACCT6259K1CL,Unknown
10AACCT6259K1CL,Unknown
10AACCT6259K1CL,Unknown
10AACCT6259K1CL,Unknown
10AACCT6259K1CL,Unknown
15AACCT6259K1CB,Unknown
15AACCT6259K1CB,Unknown
15AACCT6259K1CB,Unknown
15AACCT6259K1CB,Unknown
15AACCT6259K1CB,Unknown
15AACCT6259K1CB,Unknown
15AACCT6259K1CB,Unknown
15AACCT6259K1CB,Unknown
15AACCT6259K1CB,Unknown
15AACCT6259K1CB,Unknown
15AACCT6259K1CB,Unknown
15AACCT6259K1CB,Unknown
15AACCT6259K1CB,Unknown
06AACCT6259K1CA,Unknown
06AACCT6259K1CA,Unknown
06AACCT6259K1CA,Unknown
06AACCT6259K1CA,Unknown
06AACCT6259K1CA,Unknown
06AACCT6259K1CA,Unknown
06AACCT6259K1CA,Unknown
06AACCT6259K1CA,Unknown
06AACCT6259K1CA,Unknown
06AACCT6259K1CA,Unknown
06AACCT6259K1CA,Unknown
06AACCT6259K1CA,Unknown
06AACCT6259K1CA,Unknown
14AACCT6259K1CD,Unknown
14AACCT6259K1CD,Unknown
14AACCT6259K1CD,Unknown
14AACCT6259K1CD,Unknown
14AACCT6259K1CD,Unknown
14AACCT6259K1CD,Unknown
14AACCT6259K1CD,Unknown
14AACCT6259K1CD,Unknown
14AACCT6259K1CD,Unknown
14AACCT6259K1CD,Unknown
14AACCT6259K1CD,Unknown
14AACCT6259K1CD,Unknown
14AACCT6259K1CD,Unknown
